{
        "hello": "Hello! How can I assist you?",
        "how are you?": "I'm good thank you!",
        "goodbye": "Goodbye! Have a great day!",
        "are you okay?":"Yes thank you",
        "can you sing a song?": "I'm afraid I can't sing, but I can provide song lyrics if you'd like!",
        "who is dr ali haidar?": "He is an advisor and computer engineering professor!",
        "who is dr ziad othman?": "He is an advisor, a computer engineering professor and the dean of computer and communication engineering!",
        "who is dr ziad doughan?": "He is an advisor and computer engineering professor!",
        "what courses do ziad othman teaches?": "COME 361 MODERN PHYSICS, COME 521 DIGITAL INTEGRATED CIRCUITS, COME 603 ADVANCED DIGITAL ELECTRONICS, POWE 210 FUNDAMENTALS OF ELECTRIC CIRCUITS, POWE 214 ELECTRIC AND ELECTRONIC MEASUREMENTS, COME 572 OPTICAL FIBER COMMUNICATIONS, COME 704 ADVANCED ANALOG ELECTRONICS",
        "who is dr hiba bazzi?": "She is an advisor and computer engineering professor!",
        "who is dr iman haidar?": "She is an advisor and computer engineering professor!",
        "what are the years of experience of dr ali haidar?": "Beirut Arab University: From 1986 to 1988, served as a Teaching Assistant in the Department of Electrical Engineering, Faculty of Engineering, Beirut, Lebanon. Hiroshima City University: Held the position of Assistant Professor in the Faculty of Information Sciences from April 1995 to October 1997, Hiroshima, Japan. Beirut Arab University, Faculty of Engineering: From 1997 to 2003, worked within the Department of Electrical Engineering. From 2003 to 2013, was part of the Department of Computer Engineering and Informatics. Since 2013, has been with the Department of Electrical and Computer Engineering. European Union: Acted as an expert and counselor to the EU-MEDIS Delegation of the European Commission to the Republic of Lebanon from February 1999 to October 2000. Central Bank of Lebanon: Served as an expert and Counselor for communications, telecommunication, and computer networking from January 1999 to January 2000.",
        "what is the academic history of dr ali haidar?": "He joined Beirut Arab University in October 1997, where he is currently a Professor in the Department of Electrical and Computer Engineering.",
        "what are the diplomas of dr ali haidar?": "Ph.D. Computer Engineering, Faculty of Engineering, Saitama University, Japan, March 1995, M.E. Computer Engineering, Faculty of Engineering, Ryukyus University, Japan, March 1992, B.Sc., Electrical Engineering (Electronics & Communications) Engineering, Faculty of Engineering, Beirut Arab University, Lebanon, June 1986",
        "what are the skills of dr ali haidar?": "Computer Organization and/or Architectures new development, Digitalization Systems, Neural Networks, Multiple-Valued Logic (Theory and Applications), New Trends in Computer Engineering",
        "what courses do ziad doughan teaches?": "Artificial Intelligence, Machine Learning, Deep Learning, Computer Graphics, Algorithms and Data Structures, Discrete Structures and Database, Programming (I & II), Object-Oriented Programming, Compiler, Microprocessor & Microcontroller, Neural Networks, Advanced Database Systems, Advance Computer Control and Robotics, Data Mining",
        "what are the years of experience of dr ziad doughan?": "Beirut Arab University, 2022 – present, full-time, Assistant Professor, Beirut Arab University, 2020 – 2021, part-time, Lecturer, Beirut Arab University, 2016 – 2019, part-time, Instructor",
        "what is the academic history of dr ziad doughan?": "Artificial Intelligence, Machine learning and Deep learning, Discrete and Logic-based Artificial Intelligence, Biomimetic systems, Artificial General Intelligence (AGI) and Artificial Super Intelligence (ASI), Graphics, Games and Robotics",
        "what are the diplomas of dr ziad doughan?": "Ph.D., Electrical and Computer Engineering, BAU, 2022, M.Sc., Electrical and Computer Engineering, BAU, 2016, B.Sc., Electrical and Computer Engineering, BAU, 2006",
        "what are the skills of dr ziad doughan?": "Skills: Project Management, Leadership, Interpersonal Communication, Artificial Intelligence, Data Analysis, Concepts: OOP, UML, PMP, Agile, SCRUM, Programming: VS.Net, JAVA, C++, HTML, Python, Databases: SQL Server, MS Access, Java DB, Systems: Windows, DOS, Cisco, Software: MS Office, MS Visio, MS Project, Primavera, SAP",
        "what is the mission of computer engineering?": "The mission of the Computer Engineering (CE) Program is to prepare students for rewarding careers and higher education, engage in scientific research pushing the frontiers of the field even further, and get involved in local community issues requiring specialist participation.",
        "what are the objectives of computer engineering?": "The Computer Engineering Program is designed such that its students upon graduation will: Possess the highest level of technical robustness in the field of computer engineering that will earn them recognition and esteem among their colleagues. Have the knowledge and skills to invent novel technology, provide creative designs, and suggest innovative solutions to challenging problems. Stay abreast of emerging technologies, continually learning new theory and skills to nourish ever-developing careers. Demonstrate good citizenship, fulfilling their professional responsibilities towards their communities, Lebanon, and the World at large. Excel on multi-disciplinary and multi-cultural teams, and effectively employ their oral and written communication skills to resolve problems.",
        "what are the learning outcomes?": "Upon completion of the program graduates shall be able to: an ability to identify, formulate, and solve complex engineering problems by applying principles of engineering, science, and mathematics, an ability to apply engineering design to produce solutions that meet specified needs with consideration of public health, safety, and welfare, as well as global, cultural, social, environmental, and economic factors, an ability to communicate effectively with a range of audiences, an ability to recognize ethical and professional responsibilities in engineering situations and make informed judgments, which must consider the impact of engineering solutions in global, economic, environmental, and societal contexts, an ability to function effectively on a team whose members together provide leadership, create a collaborative and inclusive environment, establish goals, plan tasks, and meet objectives, an ability to develop and conduct appropriate experimentation, analyze and interpret data, and use engineering judgment to draw conclusions, an ability to acquire and apply new knowledge as needed, using appropriate learning strategies",
        "how many credits do I need to complete a computer engineering degree?": "The undergraduate curriculum for the degree of Bachelor of Engineering in Computer Engineering consists of 150 credit-hours of coursework + IC3 + 30 credits transferred from Lebanese Baccalaureate or equivalent.",
        "what are the degree requirements?": "The undergraduate curriculum for the degree of Bachelor of Engineering in Computer Engineering consists of 150 credit-hours of coursework + IC3 + 30 credits transferred from Lebanese Baccalaureate or equivalent.",
        "what are the career opportunities?": "The Computer Engineering career encompasses opportunities in a wide range of areas such as industry, military, communications, aerospace, business, government, medicine, to name but a few. Computer engineering is in steady progress with an ever-expanding job market. Specific jobs include the functions of designing, analyzing, and maintaining computer systems. Furthermore, graduates can analyze, design, test, and evaluate network systems. In addition, they can develop, create, and modify general information security schemes. In addition, they can develop, and test systems and application software programs. Trending areas in computer engineering comprise artificial intelligence and machine learning, cybersecurity, smart cities, autonomous driving, vehicular networks, and more. Indeed, computer engineers enjoy high job satisfaction as reflected in market studies. In modern terms, computer engineers are digital transformation and world smartification leaders, believers in sustainable development, technology entrepreneurs, and professionals with an engineering mindset!",
        "what about the program track?": "Artificial Intelligence and Machine Learning (19 Credits): Mandatory track base (10 Credits): COMP 215, COMP 364, and COMP 501 and COMP 502 (A Capstone Design Project in Machine Learning and Artificial Intelligence) Track cap (9 Credits): Select three elective courses from the following mandatory list: COMP 474, COMP 477, COMP 533, COMP 534, COMP 535, COMP 551, COMP 560, COMP 564, COMP 565, COMP 568, Networks and Cybersecurity (19 Credits): Mandatory track base (10 Credits): COMP 454, COMP 543, and COMP 501 and COMP 502 (A Capstone Design Project in Networks and Cybersecurity) Track cap (9 Credits): Select three elective courses from the following mandatory list: COMP 431, COMP 455, COMP 477, COMP 505, COMP 510, COMP 512, COMP 529, COMP 532, COMP 554, COMP 555, COMP 556, COMP 559, and COMP 567 Students not joining a track can freely select their major elective courses.",
        "what are the laboratories included in this program?": "Digital Systems Laboratory (DSL), Measurement and Electronics Laboratory (MEL), Machines and Power Laboratory (MPL), Software Laboratory (SWL), Control and Industrial Electronics Laboratory (CIEL), Networks and Cybersecurity Laboratory (NCL), Communications Laboratory (COML), Digital Signal Processing Laboratory (DSPL), Electric Power and Protection Laboratory (EPPL), Power Electronics Laboratory (PEL), Robotics and AI lab (RAIL)",
        "how many students are there in computer engineering?": "Year: Debbieh 2019/2020: 41 2020/2021: 53 2021/2022: 65 2022/2023: 83 2023/2024: 69",
        "newly enrolled students:": "Year: Debbieh 2019/2020: 41 2020/2021: 53 2021/2022: 65 2022/2023: 83 2023/2024: 69",
        "how many graduated students are there in computer engineering?": "Year: Debbieh 2019/2020: 14 2020/2021: 17 2021/2022: 24 2022/2023: 29",
        "how many graduating students are there as computer engineering?": "Year: Debbieh 2019/2020: 14 2020/2021: 17 2021/2022: 24 2022/2023: 29"
       

        
    }
    